asset_id,batch_id,run_id_planned,vcu_id,primary_audience,academic_depth,asset_type,representation_type,primary_companion,academic_content_sha,prompt_content_authoring_sha,brand_asset_sha,prompt_record_version,prompt_sha256,clean_master_filename,branded_final_filename,production_status
HKA-VIS-W02-0001,HKA-W02-B00,HKA-W02-B00-R01,HKA-VCU-W02-001,UNIVERSAL,MULTI_DEPTH,HERO,CONCEPTUAL_MODEL,ENSEMBLE_FOUR,e900d3b623c27f6d4a0fe2750fa499295788776e,65c852bfd12adc94745c65a5c8e900c40ef501c5,2d3aa9d8418acccd39a3d263e917d4157e029e17,2.0,e9813ecb4df49c5a58f662abfa5595527b3b2ddfe5f32ec10f6f3c591c5244e3,HKA-VIS-W02-0001_CLEAN_MASTER.png,HKA-VIS-W02-0001_BRANDED_FINAL.png,PROMPT_LOCKED_NO_RUN
HKA-VIS-W02-0002,HKA-W02-B00,HKA-W02-B00-R01,HKA-VCU-W02-002,A4_16_18,D3,ETHICAL_SCENARIO,CONCEPTUAL_MODEL,PROFESSOR_OWL,e900d3b623c27f6d4a0fe2750fa499295788776e,65c852bfd12adc94745c65a5c8e900c40ef501c5,2d3aa9d8418acccd39a3d263e917d4157e029e17,2.0,08879368b994ab07b0fdcb57ead67319b83cc78bbe7bd801154168cca772a7c5,HKA-VIS-W02-0002_CLEAN_MASTER.png,HKA-VIS-W02-0002_BRANDED_FINAL.png,PROMPT_LOCKED_NO_RUN
HKA-VIS-W02-0003,HKA-W02-B01,HKA-W02-B01-R01,HKA-VCU-W02-003,A1_5_8,D1,CONCEPT,DOCUMENTARY_REALITY,SIGMA,e900d3b623c27f6d4a0fe2750fa499295788776e,65c852bfd12adc94745c65a5c8e900c40ef501c5,2d3aa9d8418acccd39a3d263e917d4157e029e17,2.0,f5950513a81e653f33096b25aa29d24ac76239e7ce94e19dd59c377c07f5ec4d,HKA-VIS-W02-0003_CLEAN_MASTER.png,HKA-VIS-W02-0003_BRANDED_FINAL.png,PROMPT_LOCKED_NO_RUN
HKA-VIS-W02-0004,HKA-W02-B01,HKA-W02-B01-R01,HKA-VCU-W02-004,A1_5_8,D1,CONCEPT,CONCEPTUAL_MODEL,LITTLE_ANT,e900d3b623c27f6d4a0fe2750fa499295788776e,65c852bfd12adc94745c65a5c8e900c40ef501c5,2d3aa9d8418acccd39a3d263e917d4157e029e17,2.0,80433152f6f380cebe414fdbab263b5290ee6892f8af85d21ed98e945b5f69f8,HKA-VIS-W02-0004_CLEAN_MASTER.png,HKA-VIS-W02-0004_BRANDED_FINAL.png,PROMPT_LOCKED_NO_RUN
HKA-VIS-W02-0005,HKA-W02-B01,HKA-W02-B01-R01,HKA-VCU-W02-005,A1_5_8,D1,CROSS_LINK,DOCUMENTARY_REALITY,CRICKET,e900d3b623c27f6d4a0fe2750fa499295788776e,65c852bfd12adc94745c65a5c8e900c40ef501c5,2d3aa9d8418acccd39a3d263e917d4157e029e17,2.0,764e174127ab8c9378703cea9e1713290d00329f0f0fb3159e26b326c59e9a2c,HKA-VIS-W02-0005_CLEAN_MASTER.png,HKA-VIS-W02-0005_BRANDED_FINAL.png,PROMPT_LOCKED_NO_RUN
HKA-VIS-W02-0006,HKA-W02-B01,HKA-W02-B01-R01,HKA-VCU-W02-006,A2_9_12,D2,MISCONCEPTION,CONCEPTUAL_MODEL,PROFESSOR_OWL,e900d3b623c27f6d4a0fe2750fa499295788776e,65c852bfd12adc94745c65a5c8e900c40ef501c5,2d3aa9d8418acccd39a3d263e917d4157e029e17,2.0,ecb28439a6eaad456469ad8473a29910b162f327612cbaf12c14dfd65c4188e0,HKA-VIS-W02-0006_CLEAN_MASTER.png,HKA-VIS-W02-0006_BRANDED_FINAL.png,PROMPT_LOCKED_NO_RUN
HKA-VIS-W02-0007,HKA-W02-B01,HKA-W02-B01-R01,HKA-VCU-W02-007,A2_9_12,D2,COMPARISON,CONCEPTUAL_MODEL,SIGMA,e900d3b623c27f6d4a0fe2750fa499295788776e,65c852bfd12adc94745c65a5c8e900c40ef501c5,2d3aa9d8418acccd39a3d263e917d4157e029e17,2.0,6ffa284c9c740202c547f34f9e3508eda8020716333b73553a096d6163609464,HKA-VIS-W02-0007_CLEAN_MASTER.png,HKA-VIS-W02-0007_BRANDED_FINAL.png,PROMPT_LOCKED_NO_RUN
HKA-VIS-W02-0008,HKA-W02-B01,HKA-W02-B01-R01,HKA-VCU-W02-008,A2_9_12,D2,CROSS_LINK,DOCUMENTARY_REALITY,CRICKET,e900d3b623c27f6d4a0fe2750fa499295788776e,65c852bfd12adc94745c65a5c8e900c40ef501c5,2d3aa9d8418acccd39a3d263e917d4157e029e17,2.0,a82b58d865e0eecdf0c175117be9bc9d441dbbdf05b05ead5f14b720d299d6e3,HKA-VIS-W02-0008_CLEAN_MASTER.png,HKA-VIS-W02-0008_BRANDED_FINAL.png,PROMPT_LOCKED_NO_RUN
HKA-VIS-W02-0009,HKA-W02-B02,HKA-W02-B02-R01,HKA-VCU-W02-009,A3_13_15,D3,CONCEPT,CONCEPTUAL_MODEL,PROFESSOR_OWL,e900d3b623c27f6d4a0fe2750fa499295788776e,65c852bfd12adc94745c65a5c8e900c40ef501c5,2d3aa9d8418acccd39a3d263e917d4157e029e17,2.0,2855e3dbe39fc5c9e120b7c85ff9e4aef28a108e3c5c1b8eb1da1234465411d1,HKA-VIS-W02-0009_CLEAN_MASTER.png,HKA-VIS-W02-0009_BRANDED_FINAL.png,PROMPT_LOCKED_NO_RUN
HKA-VIS-W02-0010,HKA-W02-B02,HKA-W02-B02-R01,HKA-VCU-W02-010,A3_13_15,D3,COMPARISON,CONCEPTUAL_MODEL,LITTLE_ANT,e900d3b623c27f6d4a0fe2750fa499295788776e,65c852bfd12adc94745c65a5c8e900c40ef501c5,2d3aa9d8418acccd39a3d263e917d4157e029e17,2.0,4101f5787ad6a45d3b0e122fbf6848e82f774cfe965b73483afcb6e68555922b,HKA-VIS-W02-0010_CLEAN_MASTER.png,HKA-VIS-W02-0010_BRANDED_FINAL.png,PROMPT_LOCKED_NO_RUN
HKA-VIS-W02-0011,HKA-W02-B02,HKA-W02-B02-R01,HKA-VCU-W02-011,A3_13_15,D3,PROCESS,CONCEPTUAL_MODEL,CRICKET,e900d3b623c27f6d4a0fe2750fa499295788776e,65c852bfd12adc94745c65a5c8e900c40ef501c5,2d3aa9d8418acccd39a3d263e917d4157e029e17,2.0,558839869e3b10b345e5aa5eedf7950e946ec7ab747b0151ae49ada1dd32fa68,HKA-VIS-W02-0011_CLEAN_MASTER.png,HKA-VIS-W02-0011_BRANDED_FINAL.png,PROMPT_LOCKED_NO_RUN
HKA-VIS-W02-0012,HKA-W02-B02,HKA-W02-B02-R01,HKA-VCU-W02-012,A4_16_18,D3,COMPARISON,CONCEPTUAL_MODEL,SIGMA,e900d3b623c27f6d4a0fe2750fa499295788776e,65c852bfd12adc94745c65a5c8e900c40ef501c5,2d3aa9d8418acccd39a3d263e917d4157e029e17,2.0,2c2db72a222d61605dab83dd408a2d2b85d1a1cf17a9ef83a996142664247dd5,HKA-VIS-W02-0012_CLEAN_MASTER.png,HKA-VIS-W02-0012_BRANDED_FINAL.png,PROMPT_LOCKED_NO_RUN
HKA-VIS-W02-0013,HKA-W02-B02,HKA-W02-B02-R01,HKA-VCU-W02-013,A4_16_18,D3,RECONSTRUCTION,HISTORICAL_RECONSTRUCTION,PROFESSOR_OWL,e900d3b623c27f6d4a0fe2750fa499295788776e,65c852bfd12adc94745c65a5c8e900c40ef501c5,2d3aa9d8418acccd39a3d263e917d4157e029e17,2.0,662f062fa496883637863623c86175663fce0a5f373041603d3b26a6f01f02a6,HKA-VIS-W02-0013_CLEAN_MASTER.png,HKA-VIS-W02-0013_BRANDED_FINAL.png,PROMPT_LOCKED_NO_RUN
HKA-VIS-W02-0014,HKA-W02-B02,HKA-W02-B02-R01,HKA-VCU-W02-014,A5_19_24,D3,CROSS_LINK,SCIENTIFIC_VISUALIZATION,CRICKET,e900d3b623c27f6d4a0fe2750fa499295788776e,65c852bfd12adc94745c65a5c8e900c40ef501c5,2d3aa9d8418acccd39a3d263e917d4157e029e17,2.0,10aebac6138c2b1737d418f18bfaa599f67e4624b6b494352b095b0783fd513d,HKA-VIS-W02-0014_CLEAN_MASTER.png,HKA-VIS-W02-0014_BRANDED_FINAL.png,PROMPT_LOCKED_NO_RUN
HKA-VIS-W02-0015,HKA-W02-B03,HKA-W02-B03-R01,HKA-VCU-W02-015,A5_19_24,D4,ETHICAL_SCENARIO,CONCEPTUAL_MODEL,LITTLE_ANT,e900d3b623c27f6d4a0fe2750fa499295788776e,65c852bfd12adc94745c65a5c8e900c40ef501c5,2d3aa9d8418acccd39a3d263e917d4157e029e17,2.0,23b645a4c2ca44b421cd5bcadf9879126531883945b6f3eae2b610ef0d56675f,HKA-VIS-W02-0015_CLEAN_MASTER.png,HKA-VIS-W02-0015_BRANDED_FINAL.png,PROMPT_LOCKED_NO_RUN
HKA-VIS-W02-0016,HKA-W02-B03,HKA-W02-B03-R01,HKA-VCU-W02-016,A5_19_24,D4,PROCESS,SCIENTIFIC_VISUALIZATION,SIGMA,e900d3b623c27f6d4a0fe2750fa499295788776e,65c852bfd12adc94745c65a5c8e900c40ef501c5,2d3aa9d8418acccd39a3d263e917d4157e029e17,2.0,7823b8c2817e94e05960cf48dfa9e2bd9b8f48f4acb2f3c09d1af6b4e044bd36,HKA-VIS-W02-0016_CLEAN_MASTER.png,HKA-VIS-W02-0016_BRANDED_FINAL.png,PROMPT_LOCKED_NO_RUN
HKA-VIS-W02-0017,HKA-W02-B03,HKA-W02-B03-R01,HKA-VCU-W02-017,RESEARCH,D4,RESEARCH_POSTER,DATA_RESEARCH_POSTER,PROFESSOR_OWL,e900d3b623c27f6d4a0fe2750fa499295788776e,65c852bfd12adc94745c65a5c8e900c40ef501c5,2d3aa9d8418acccd39a3d263e917d4157e029e17,2.0,94eded6ee23e390598d252837588025d5db918cd71fc05e243db2997d814b1b9,HKA-VIS-W02-0017_CLEAN_MASTER.png,HKA-VIS-W02-0017_BRANDED_FINAL.png,PROMPT_LOCKED_NO_RUN
HKA-VIS-W02-0018,HKA-W02-B03,HKA-W02-B03-R01,HKA-VCU-W02-018,RESEARCH,D4,RESEARCH_POSTER,DATA_RESEARCH_POSTER,LITTLE_ANT,e900d3b623c27f6d4a0fe2750fa499295788776e,65c852bfd12adc94745c65a5c8e900c40ef501c5,2d3aa9d8418acccd39a3d263e917d4157e029e17,2.0,530aa0e6049bf2b017e5679aadeeee6455217c325f491446f1ec4297617814b1,HKA-VIS-W02-0018_CLEAN_MASTER.png,HKA-VIS-W02-0018_BRANDED_FINAL.png,PROMPT_LOCKED_NO_RUN
