FIELD_ID	CATEGORY	QUESTION_OR_EXACT_CASE	PRIOR_EVIDENCE	CURRENT_J4_ACTION	STATUS	EXACT_SCOPE	NOT_PROVEN_BEYOND	PROVENANCE
B01	BOOL_LITERAL_RUNTIME	TRUE direct literal compile and runtime	Document-grounded candidate; comparison output had printed TRUE	No runtime test authorized	ENVIRONMENT_BLOCKED	Required binaries unavailable; no source or bytecode created	Compiler acceptance; VM behavior; output; condition use	J4 opening contract; J3 checkpoint and result
B02	BOOL_LITERAL_RUNTIME	FALSE direct literal compile and runtime	Document-grounded candidate only	No runtime test authorized	ENVIRONMENT_BLOCKED	Required binaries unavailable; no source or bytecode created	Compiler acceptance; VM behavior; output; condition use	J4 opening contract; J3 checkpoint and result
B03	BOOL_LITERAL_RUNTIME	TRUE/FALSE as IF conditions	Comparison conditions exist but literal-condition use was unproven	No runtime test authorized	ENVIRONMENT_BLOCKED	No literal IF fixture executed	Any literal truth behavior	J4 opening contract
B04	BOOL_LITERAL_RUNTIME	Uppercase versus lowercase BOOL spelling	Only TRUE and FALSE were grounded candidates	No ungrounded spelling was tested	OUT_OF_CURRENT_LANGUAGE_SURFACE	Lowercase boolean spellings were outside the authorized grounded candidate set	Whether any lowercase spelling is accepted or distinct	J4 opening contract; WS04
B05	BOOL_LITERAL_RUNTIME	Internal BOOL runtime type	Printed TRUE is not type introspection	No direct type-observation surface established	NOT_PROVEN	No internal BOOL type claim made	Runtime tag; representation; truthiness; conversion	J2 checkpoint; J4 evidence law
N01	LOWERCASE_NULL_RUNTIME	Uppercase NULL exact prior behavior	Compiler accepted; VM executed; printed NULL in tested path	Frozen evidence reused without rerun	EXECUTION_OBSERVED_EXACT_CASE	Exact inherited uppercase NULL case only	Internal NULL representation; universal contexts	J4 opening contract; J2 checkpoint boundary
N02	LOWERCASE_NULL_RUNTIME	Lowercase null exact prior behavior	Compiler accepted; VM RC=11; diagnostic included undefined symbol 0	Frozen evidence reused without rerun	EXECUTION_OBSERVED_EXACT_CASE	Exact inherited lowercase null source only	Universal lowercase mapping; all scopes	J4 opening contract; J2 checkpoint; J3 result
N03	LOWERCASE_NULL_RUNTIME	Lowercase diagnostic classification	Observed diagnostic text included undefined symbol 0	Frozen diagnostic reused without internal inference	EXECUTION_OBSERVED_EXACT_CASE	The exact prior run emitted an undefined-symbol diagnostic naming 0	Internal symbol table; executing opcode; universal symbol treatment	J4 opening contract; J3 result
N04	LOWERCASE_NULL_RUNTIME	Are NULL and null semantically identical?	Prior exact behaviors differ but were not established as a matched control	Matched test not authorized	NOT_PROVEN	Semantic identity was not promoted from unmatched observations	General case sensitivity or NULL representation	J4 evidence law
L01	AND_OR_ACTIVE_RUNTIME	Uppercase AND acceptance	Exact uppercase AND form compiler-rejected	Frozen rejection reused without rerun	COMPILER_REJECTED_EXACT_CASE	Exact tested uppercase AND source context only	Logical family unsupported; other spellings; runtime	J4 opening contract; J2 checkpoint
L02	AND_OR_ACTIVE_RUNTIME	Uppercase OR acceptance	Exact uppercase OR form compiler-rejected	Frozen rejection reused without rerun	COMPILER_REJECTED_EXACT_CASE	Exact tested uppercase OR source context only	Logical family unsupported; other spellings; runtime	J4 opening contract; J2 checkpoint
L03	AND_OR_ACTIVE_RUNTIME	Symbolic && current acceptance and runtime	Frozen WS04 artifact grounds && as an implementation-observation record, not machine semantics	No runtime test authorized	ENVIRONMENT_BLOCKED	Candidate spelling grounded only; current compiler/VM not exercised	Acceptance; operator identity; operand/result rules	WS04_TYPES_VALUES_OPERATORS_RESULT.md
L04	AND_OR_ACTIVE_RUNTIME	Symbolic || current acceptance and runtime	Frozen WS04 artifact grounds || as an implementation-observation record, not machine semantics	No runtime test authorized	ENVIRONMENT_BLOCKED	Candidate spelling grounded only; current compiler/VM not exercised	Acceptance; operator identity; operand/result rules	WS04_TYPES_VALUES_OPERATORS_RESULT.md
L05	AND_OR_ACTIVE_RUNTIME	Any active logical runtime surface	Uppercase forms rejected; symbolic candidates not current-tested	No surface machine-established	NOT_PROVEN	No AND/OR runtime semantics claimed	Accepted spelling; evaluation; result; precedence; errors	J4 evidence law
E01	EVALUATION_ORDER	Left operand before right operand	No order-sensitive runtime marker evidence	No runtime test authorized	ENVIRONMENT_BLOCKED	No exact binary-operand order case executed	General or exact operand order	J4 opening contract
E02	EVALUATION_ORDER	Function argument order	Calls and multi-argument behavior do not expose argument evaluation order	No runtime test authorized	ENVIRONMENT_BLOCKED	No marker-bearing argument-order case executed	Argument evaluation order	J3 result; J4 opening contract
E03	EVALUATION_ORDER	Nested expression order	No order-sensitive nested marker evidence	No runtime test authorized	ENVIRONMENT_BLOCKED	No nested order case executed	Nested evaluation order	J4 opening contract
E04	EVALUATION_ORDER	Call-before-operator behavior	Caller continuation is not expression sequencing	No runtime test authorized	ENVIRONMENT_BLOCKED	No call/operator order case executed	Call and operator sequencing	J3 result; J4 opening contract
S01	SHORT_CIRCUIT	AND second-operand execution	No accepted current AND surface	No differential control or candidate executed	NOT_PROVEN	Short-circuit prerequisite was not met	Any AND short-circuit rule	J4 opening contract
S02	SHORT_CIRCUIT	OR second-operand execution	No accepted current OR surface	No differential control or candidate executed	NOT_PROVEN	Short-circuit prerequisite was not met	Any OR short-circuit rule	J4 opening contract
C01	COERCION	1 + 1.5 printed 2.5	Exact output inherited	No duplicate rerun; no type introspection	NOT_PROVEN	Output-level exact case preserved	INT-to-FLOAT conversion; result type; general numeric coercion	J4 opening contract; J2 checkpoint
C02	COERCION	2 + (3 < 4) printed 3	Exact output inherited	No duplicate rerun; no type introspection	NOT_PROVEN	Output-level exact case preserved	BOOL-to-INT conversion; internal BOOL type; general compatibility	J4 opening contract; J2 checkpoint
C03	COERCION	"x" + "y" printed xy	Exact output inherited	No duplicate rerun	NOT_PROVEN	Same-form string result preserved	String coercion; mixed string conversion; result type	J4 opening contract; J2 checkpoint
C04	COERCION	Reverse mixed-numeric direction	Not covered by inherited exact pair	No runtime test authorized	ENVIRONMENT_BLOCKED	No reverse-direction fixture executed	Symmetry; acceptance; runtime conversion	J4 test plan
F01	FLOORDIV_COMMENT_BOUNDARY	Exact infix 4 // 2	Compiler rejected in prior tested context	Frozen rejection reused without rerun	COMPILER_REJECTED_EXACT_CASE	Exact infix source and context only	All spacing; comments; runtime FLOORDIV	J4 opening contract
F02	FLOORDIV_COMMENT_BOUNDARY	Trailing // after completed statement	Neutral/comment-like behavior separately evidenced	Frozen exact scope reused without rerun	EXECUTION_OBSERVED_EXACT_CASE	Exact inherited trailing form only	Universal comment grammar; line-leading form; FLOORDIV identity	J4 opening contract
F03	FLOORDIV_COMMENT_BOUNDARY	Line-leading //	No exact inherited closure	No runtime test authorized	ENVIRONMENT_BLOCKED	No line-leading source created or compiled	Compiler treatment; comment behavior	J4 test plan
F04	FLOORDIV_COMMENT_BOUNDARY	Historical FLOORDIV versus current // roles	Historical FLOORDIV scope, current infix rejection, and trailing comment-like evidence coexist	Conflict preserved	CONFLICTED	No silent reconciliation performed	Current FLOORDIV token, runtime behavior, universal comment rule	J4 opening contract; WS04
P01	PRECEDENCE_GAPS	Unary minus versus exponentiation	Unary minus and exponentiation each have bounded evidence; relative precedence remains open	No matched differential executed	NOT_PROVEN	J2's three closed relations were not rerun	Unary-minus/exponentiation precedence	J2 checkpoint; J4 opening contract
I01	INVALID_OPERAND_BEHAVIOR	1 / 0	Compiler accepted; VM process RC=12 in exact inherited case	Frozen failure reused without rerun	EXECUTION_OBSERVED_EXACT_CASE	Exact source, stage, and process RC only	Stable symbolic error code; all zero-division cases	J4 opening contract
I02	INVALID_OPERAND_BEHAVIOR	NOT 0	Compiler rejected exact inherited case	Frozen rejection reused without rerun	COMPILER_REJECTED_EXACT_CASE	Exact source form only	Universal NOT support or operand matrix	J4 opening contract
I03	INVALID_OPERAND_BEHAVIOR	"x" + 1	Compiler rejected exact inherited case	Frozen rejection reused without rerun	COMPILER_REJECTED_EXACT_CASE	Exact operand direction only	General string/numeric compatibility	J4 opening contract
I04	INVALID_OPERAND_BEHAVIOR	1 + "x"	Compiler rejected exact inherited case	Frozen rejection reused without rerun	COMPILER_REJECTED_EXACT_CASE	Exact operand direction only	General string/numeric compatibility	J4 opening contract
